﻿<layer width="420" height="170" appwin="1" ncRect="0,0,0,0"  resize="0" translucent="1" nomaxsize="1">
    <body>
        <dlg pos="0,0,-0,-0" class="cls_message_box">
            <caption pos="0,0,-0,38">
                <img pos="10,8" skin="common_logo_main"></img>
                <text pos="39,9">%str300%</text>
                <imgbtn name="btn_close" skin="btn_sys_close" pos="-34,1,-2,21" cursor="arrow" tip="%str250%" animate="1"/>
            </caption>

            <dlg pos="40,48,-40,100">
                <text name="text_mline" pos="0,20,-0,60" multilines="1" crtext="000000" show="1" >%str301%</text>
                <dlg name="content_pane" pos="50,20" width="340" height="60" show="0" >
                    <gifplayer name="gif_loading" pos="0,0" skin="loading_gif"  show="1"/>
                    <text name="text_sline" pos="[10,0" crtext="000000"></text>
                </dlg>
            </dlg>

            <imgbtn name="btn_release" pos="-176,-28,-96,-3" width="80" height="25" animate="true" cursor="arrow" class="button" show="1" >%str304%</imgbtn>
            <imgbtn name="btn_cancel" pos="-84,-28,-12,-3" width="72" height="25" animate="true" cursor="arrow"  class="button" show="1" >%str26%</imgbtn>
            <imgbtn name="btn_ok" pos="-102,-28,-12,-3" width="90" height="25" animate="true" cursor="arrow"  class="button" show="0" >%str305%</imgbtn>
        </dlg>
    </body>
</layer>
