﻿<layer name="LoginDlg" width="662" height="442" appwin="1" ncRect="0,0,0,0"  resize="0" translucent="1" nomaxsize="1">
  <body>
    <dlg name="login_form" pos="0,0,-0,-0" class="cls_dlg_frame">
      <caption pos="0,0,-0,84">
        <img pos="0,0,-0,84" skin="img_header" />
        <img pos="26,15,260,69" height="54" width="234" skin="img_login_logo" />
        <imgbtn name="btn_close" skin="btn_sys_close" pos="-34,1,-2,21" cursor="arrow" tip="%str250%" animate="1"/>
        <imgbtn name="btn_minimize" skin="btn_sys_minimize" pos="-66,1,-34,21" cursor="arrow" tip="%str251%" animate="1" />
        <imgbtn name="btn_net_setting" skin="btn_sys_setting" pos="-98,1,-66,21" cursor="arrow" tip="%str252%" animate="1" />
      </caption>
      
      <dlg pos="0,84,-0,-0">
        <img pos="41,46,295,294" skin="img_loginpanel_guide_bg" />
        <dlg pos="-322,13,-20,-14" skin="img_loginpanel_bg">
          <img pos="81,24" height="22" width="142" skin="img_login_tip_logo" />
        </dlg>
        <!--输入区域-->
        <dlg name="accountRegion" pos="337,12,-24,358" show="1">
          <!--错误提示-->
          <dlg name="tip_dlg" show="0" pos="26,32" width="300" height="60">
            <img pos="0,25" skin="img_login_errortip_icon" width="16" height="16" />
            <text name="errortip" pos="20,25" crtext="ff6d2c"></text>
          </dlg>
          <!--账号-->
          <accountcombobox name="account" show="1" pos="26,80" width="245" height="28" 
                           dropdown="0" dropheight="100" class="cls_edit" valign="middle"
                            dotted="0" cursel="0" itempanel="1" id_text="1" id_icon="2" crbg="FFFFFF">
            <liststyle class="cls_edit" crbg="FFFFFF" itemheight="24" id_text="1" id_icon="2">
              <template skin="img_login_list_item_bg" x-margin="0" y-margin="0" crtext="000000" crhover="ffffff">
                <text id="1" pos="5,2,-27,-2" font="0000:宋体"></text>
                <imgbtn id="2" pos="-26,|-8,-10,|8" skin="img_login_btn_deleteaccount" tip="%str263%"/>
              </template>
            </liststyle>
            <editstyle crtext="000000" textmode="40024" vcenter="1" font="0000:宋体" x-margin="0" y-margin="0" inset="3,3,-0,-0" deftext="%str270%"/>
          </accountcombobox>
          <!--密码-->
          <dlg pos="26,120" width="245" height="28" class="cls_edit_set">
            <embedbutton pos="2,2" width="18" height="18" normal-skin="img_login_icon_password" hover-skin="img_login_icon_password" down-skin="img_login_icon_password" />
            <embededit name="net_cfg_pswd_edt" pos="22,0,-25,-0" inset="3,3,-27,-3" class="cls_password_edit" password="1" deftext="%str265%"/>
          </dlg>
          <!--验证码区域-->
          <dlg name="vcode_dlg" pos="26,147, 500, 190" show="0">
            <edit name="vcode_edt" pos="0,12" width="86" height="26" class="cls_edit_set" font="0000:宋体" password="0" show="1"></edit>
            <img name="vcode_img" pos="97,5" width="100" height="40" show="1"/>
            <link name="vcode_change"  pos="208,18" maxwidth="50" class="cls_btn_weblink" dotted="1" show="1">%str266%</link>
          </dlg>
          <!--登录设置区：记住密码，自动登录，忘记密码-->
          <dlg name="login_setting_region" pos="26,163" width="250" height="30">
            <check name="remember_checkbox" pos="0,0" class="vcentertext" state="4">%str260%</check>
            <check name="auto_login_checkbox" pos="95,0" class="vcentertext" state="4">%str261%</check>
            <link name="forgot_password" pos="187,0" maxwidth="80" class="cls_btn_weblink" dotted="1">%str262%</link>
          </dlg>
        </dlg>
        <!--登录提示区域-->
        <dlg name="loginingTipRegion" pos="337,12,-24,358" show="0">
          <img name="img_logining_tip_morning" pos="108,62" show="1" skin="img_login_tip_morning"/>
          <text name="text_login_tip" pos="20,148,-0,166" class="logindlg_tip_text"></text>
          <text name="text_login_tip_op" pos="20,166,-0,184" class="logindlg_tip_text" show="0"></text>
        </dlg>
        <!-- 选择登录方式区域 -->
        <dlg name="loginWayRegion" pos="337,12,-24,358" show="0">
          <text pos="93,100,-0,118" class="logindlg_tip1_text">%str267%</text>
          <imgbtn name="btn_account_login" pos="90,135" width="128" height="32" class="logindlg_button">%str268%</imgbtn>
          <imgbtn name="btn_phone_login" pos="90,190" width="128" height="32" class="logindlg_button">%str269%</imgbtn>
        </dlg>
        <!--登录按钮区域-->
        <imgbtn name="btn_login" pos="363,199" width="245" height="37" class="logindlg_login_btn" cursor="arrow">%str256%</imgbtn>
        <!--第三方帐号登录按钮区域-->
        <dlg name="thirdparty_region" pos="363,273,600,355">
          <text name="thirdpartylogintip" pos="0,6" class="vcentertext">%str253%</text>
          <img skin="thirdparty_sinaweibo" pos="115,3"/>
          <buttonex pos="113,1" width="22" height="22" tip="%str257%" name="btn_toolbox_sinaweibo" normal-skin="img_toolbar_border_normal" hover-skin="img_toolbar_border_hover" down-skin="img_toolbar_border_down"/>
          <img skin="thirdparty_qq" pos="156,5"/>
          <buttonex pos="153,1"  width="22" height="22" tip="%str258%" name="btn_toolbox_qq" normal-skin="img_toolbar_border_normal" hover-skin="img_toolbar_border_hover" down-skin="img_toolbar_border_down"/>
          <img skin="thirdparty_rr" pos="189,3"/>
          <buttonex pos="188,1"  width="22" height="22" tip="%str259%" name="btn_toolbox_rr" normal-skin="img_toolbar_border_normal" hover-skin="img_toolbar_border_hover" down-skin="img_toolbar_border_down"/>
        </dlg>
        <!--创建帐号区域-->
        <text pos="363,317" crtext="666666">%str254%</text>
        <imgbtn name="btn_login_reg" pos="478,312" width="130" height="25" skin="img_login_btn_reg" crtext="097ce0" crhover="52a4ec">%str255%</imgbtn>
      </dlg>
    </dlg>

    <dlg name="third_login_form" pos="0,0,-0,-0" show="0">
      <img name="img_header2" pos="0,0,-0,-0" skin="img_header" />
      <caption pos="0,0,-0,29">
        <imgbtn name="btn_close_third" skin="btn_sys_close" pos="-45,0" tip="close" animate="0"/>
      </caption>
      <realwnd pos="10,51,-10,-10" name="IDC_DUICHILD" wndclass="DUI"/>
      <!--browser name="thirdparty_login_webview" pos="1,29,-1,-1" url="http://www.baidu.com"></browser-->
    </dlg>

    <dlg name="cartoon" pos="0,0,-0,-0" show="0">
      <image3dview pos="0,0,-0,-0" name="image3dview"  rotate-y="30" offset-z="0"/>
    </dlg>
    
  </body>
</layer>
