﻿<string>
  <!--数据线面板-->
  <s id="1">来自手机的文件</s>
  <s id="2">等待手机连接</s>
  <s id="3">请在同网络下，登录相同帐号的百度云Android版本，进入"发现->数据线"，连接</s>
  <s id="4">吧～</s>
  <s id="5">扫描二维码安装最新Android版百度云</s>
  <s id="6">无需数据线 电脑手机便捷传文件</s>
  <s id="7">剩余存储空间：%s</s>
  <s id="8">断开连接</s>
  <s id="9">传文件</s>
  <s id="10">请选择文件/文件夹</s>
  <s id="11">发送文件</s>
  <s id="12">成功传输</s>
  <s id="13">个文件</s>
  <s id="14">拖拽到此传文件</s>
  <s id="15">可能由于网络原因，文件发送失败</s>
  <s id="16">重试</s>
  <s id="17">当前有文件正在传输，断开连接将停止传输，\r\n是否断开连接？</s>
  <s id="18">系统提示</s>
  <s id="19">与手机已断开连接</s>
  <s id="20">删除</s>
  <s id="21">打开文件</s>
  <s id="22">打开文件夹</s>
  <s id="23">上传到我的网盘</s>
  <s id="24">当前有文件正在传输，清空将中断传输，是否清空？</s>
  <s id="25">清空</s>
  <s id="26">取消</s>
  <s id="27">文件已添加到我的网盘传输列表</s>
  <s id="28">等待传输...</s>
  <!--错误提示文案-->
  <s id="29">本地文件路径不存在或非法</s>
  <s id="30">本地文件被占用，请关闭后再试</s>
  <s id="31">本地文件打开失败</s>
  <s id="32">本地文件读取失败</s>
  <s id="33">系统限制文件大小为4G，无法接收</s>
  <s id="34">本地空间不足，清理后再试</s>
  <s id="35">文件不存在</s>
  <s id="36">本地存储目录无权限或不存在</s>
  <s id="37">本地文件写入失败</s>
  <s id="38">传输失败</s>
  <s id="39">对方文件不存在</s>
  <!--菜单相关文案-->
  <s id="40">选择文件发送</s>
  <s id="41">清空全部</s>
  <s id="42">打开</s>
  <s id="43">删除</s>
  <s id="44">取消传输</s>
  <!--数据线提示文案-->
  <s id="100">手机搜不到这台电脑？</s>
  <s id="101">点我试试</s>
  <s id="102">去手机探测</s>
  <s id="103">网络连接失败，无法上传文件</s>
  <!--手机忘带相关文案-->
  <s id="200">连接手机</s>
  <s id="201">手机百度云“发现-手机忘带”</s>
  <s id="202">连接手机中</s>
  <s id="203">连接手机失败</s>
  <s id="204">重试</s>
  <s id="205">通话记录</s>
  <s id="206">短信</s>
  <s id="207">最近三天暂无通话记录，如果有新来电云管家会及时提醒你哟</s>
  <s id="208">最近三天暂无短信，如果有新消息云管家会及时提醒你哟</s>
  <s id="211">努力加载中</s>
  <s id="212">加载失败</s>
  <s id="213">断开连接</s>
  <s id="214">复制短信</s>
  <s id="215">短信已复制</s>
  <s id="216">切换手机</s>
  <s id="217">刷新</s>
  <s id="220">使用前请在</s>
  <s id="221">中开启该功能</s>
  <s id="222">（仅支持百度云Android端7.4及以上版本）</s>

  <s id="230">手机忘带提示</s>
  <s id="231">你的账号已在其他电脑上登录手机忘带</s>
  <s id="232">手机电量过低，可能随时关机断开连接</s>
  <s id="233">手机已与本地断开连接</s>
  <!--登录相关文案-->
  <s id="250">关闭</s>
  <s id="251">最小化</s>
  <s id="252">网络设置</s>
  <s id="253">使用合作帐号登录</s>
  <s id="254">没有百度帐号？</s>
  <s id="255">立即注册百度帐号</s>
  <s id="256">登录</s>
  <s id="257">微博登录</s>
  <s id="258">QQ登录</s>
  <s id="259">人人登录</s>
  <s id="260">记住密码</s>
  <s id="261">自动登录</s>
  <s id="262">忘记密码?</s>
  <s id="263">删除帐号信息</s>
  <s id="264">请输入帐号</s>
  <s id="265">请输入密码</s>
  <s id="266">换一张</s>
  <s id="267">请选择以何种方式登录？</s>
  <s id="268">帐号登录</s>
  <s id="269">手机号登录</s>
  <s id="270">手机号/邮箱/用户名</s>
  <!--功能宝箱-->
  <s id="285">手机忘带</s>
  <s id="286">数据线</s>
  <s id="287">自动备份</s>
  <s id="288">锁定云管家</s>
  <s id="289">回收站</s>
  <s id="290">功能宝箱</s>
  <s id="291">更多功能，带给您更贴心的体验</s>
  <s id="292">轻松查看来电、短信</s>
  <s id="293">手机和电脑无线传输</s>
  <s id="294">防止他人偷窥数据</s>
  <s id="295">随时备份，告别丢失</s>
  <s id="296">帮你找回删除文件</s>
  <!--缓存清理对话框-->
  <s id="300">释放缓存提示</s>
  <s id="301">磁盘缓存过多，清理磁盘可释放更多空间，提升网盘加载速度，是否释放缓存？</s>
  <s id="302">还剩余 %u 秒钟</s>
  <s id="303">释放完成，下次使用百度云时操作更流畅。</s>
  <s id="304">释放缓存</s>
  <s id="305">完成并退出</s>

  <!--分享会话-->
  <s id="315">会话</s>
  <s id="316">好友</s>
  <s id="317">群组</s>
  <s id="318">创建群组</s>
  <s id="319">添加好友</s>
  <s id="320">备    注:</s>
  <s id="321">昵    称:</s>
  <s id="322">百度帐号:</s>
  <s id="323">分享文件</s>
  <s id="324">删除好友</s>
  <s id="325">加入黑名单</s>
  <s id="326">你还没有添加好友呢，先建群后再邀请好友加入吧～</s>
  <s id="327">你还没有好友，添加好友分享文件吧～</s>
  <s id="328">你还没有加入群哦～</s>
  <s id="329">选择左侧好友，开始分享文件吧～</s>
  <s id="330">加入黑名单后将不再收到对方的消息，是否继续？（可在网页端解除黑名单）</s>
  <s id="331">点击添加备注</s>
  <s id="332">退出群组</s>
  <s id="333">删除会话列表</s>
  <s id="334">确定要删除“%s”吗？</s>
  <s id="335">删除</s>
  <s id="336">已加入黑名单</s>
  <s id="337">删除成功</s>
  <s id="338">删除失败</s>
  <s id="339">加入黑名单失败</s>
  <s id="340">正在删除</s>
  <s id="341">正在加入黑名单</s>
  <s id="342">正在添加好友</s>
  <s id="343">添加好友成功</s>
  <s id="344">添加好友失败</s>
  <s id="345">删除并退出群组</s>
  <s id="346">修改备注</s>
  <s id="347">修改群组名称</s>
  <s id="348">确定要退出并删除该群组吗?</s>
  <s id="349">正在退出该群组</s>
  <s id="350">退群失败</s>
  <s id="351">退群成功</s>
  <s id="352">创建群组失败</s>
  <s id="353">创建群组太频繁，再次创建需验证</s>
  <s id="354">正在创建群组</s>
  <s id="355">删除会话</s>
  <s id="356">添加成员</s>
  <s id="357">正在删除群成员</s>
  <s id="358">移除群成员失败</s>
  <s id="359">成功移除群成员</s>
  <s id="360">给好友分享上百张图片，仅需2步～</s>
  <s id="361">给好友分享文件</s>
  <s id="362">文件库</s>
  <s id="363">输入文字消息</s>
  <s id="364">发送</s>
  <s id="365">返回</s>
  <s id="366">下载</s>
  <s id="368">正在添加群成员</s>
  <s id="369">添加群成员成功</s>
  <s id="370">添加群成员失败</s>
  <s id="371">[发送中]</s>
  <s id="372">[发送失败]</s>
  <s id="373">查看历史消息</s>
  <s id="374">添加到传输列表</s>
  <s id="375">正在保存...</s>
  <s id="376">保存失败</s>
  <s id="377">保存成功</s>
  <s id="378">复制链接</s>
  <s id="379">，邀请你的QQ和微博好友加入</s>
  <s id="380">链接复制成功</s>
  <s id="381">关闭</s>
  <s id="382">加载中...</s>
  <s id="383">播放</s>
  <s id="384">你今天发送消息已达上限，再次发送需验证</s>
  <s id="385">对方还不是你的好友，请注意隐私安全</s>
  <s id="386">加为好友</s>
  <s id="387">分享文件</s>
  <s id="388">清空全部</s>
  <s id="389">保存</s>
  <s id="390">复制</s>
  <s id="391">因网络等原因发送失败</s>
  <s id="392">等多个文件</s>
  <s id="393">重发</s>
  <s id="394">删除</s>
  <s id="395">您已不在此群</s>
  <s id="396">发送字数过多</s>
  <s id="397">发送的消息有敏感词</s>
  <s id="398">验证失败，请重试</s>
  <s id="399">该分享已被删除</s>
  <s id="400">用户没有对该分享的操作权限</s>
  <s id="401">发送失败</s>
  <s id="402">对方拒接你的消息</s>
  <s id="403">对方拒接非好友消息</s>
  <s id="404">分享的文件过多</s>
  <s id="405">获取验证码失败</s>
  <s id="406">网络异常</s>
  <s id="407">操作失败，请稍候重试</s>
  <s id="408">操作失败</s>
  <s id="409">出现了一点小问题</s>
  <s id="410">请重新登录</s>
  <s id="411">不能加自己为好友</s>
  <s id="412">好友人数超过上限</s>
  <s id="413">好友已存在</s>
  <s id="414">用户不存在</s>
  <s id="415">不能拉黑自己</s>
  <s id="416">操作已达上限，请删除些再试</s>
  <s id="417">用户已添加</s>
  <s id="418">群创建已达上限，请删除些群组再试</s>
  <s id="419">群成员已达上限</s>
  <s id="420">群组不存在</s>
  <s id="421">暂无权限</s>
  <s id="422">获取消息失败，请重试</s>
  <s id="423">创建群组成功</s>
  <s id="424">保存失败，请重试</s>
  <s id="425">正在排队保存，请稍等</s>
  <s id="426">空间已满，请清理空间再试</s>
  <s id="427">保存文件数太多</s>
  <s id="428">文件已存在</s>
  <s id="429">请输入验证码</s>
  <s id="430">成员超上限，请少选好友再试</s>
  <s id="431">删除群成员失败，请重试</s>
  <s id="432">退群失败，请重试</s>
  <s id="433">保存失败，请从文件库重试</s>
  <s id="434">保存失败，请重试</s>
  <s id="435">源文件不存在</s>
 
  <!--添加点对点好友-->
  <s id="500">确定</s>
  <s id="501">取消</s>
  <s id="502">请输入验证码</s>
  <s id="503">发起会话</s>
  <s id="504">未找到你搜索的用户，检查下输入的账号吧</s>
  <s id="505">添加好友</s>
  <s id="506">输入百度账号添加好友</s>
  <s id="507">百度账号：</s>
  <s id="508">搜索</s>
  <s id="509">加为好友</s>
  <s id="510">添加好友操作太频繁啦，请提供验证码</s>
  <s id="511">(已是好友)</s>
  <s id="512">(自己)</s>
  <s id="513">看不清，换一张</s>
  <s id="514">以下字符不区分大小写</s>
  <s id="515">输入用户名/邮箱来查找</s>
  <s id="516">请登录后再输入</s>
  <s id="517">出现了一点小问题，请重新输入</s>
  <s id="518">搜索次数过多，请稍候再试</s>
  <!--个人资料对话框-->
  <s id="700">TA的资料</s>
  <s id="701">加入黑名单</s>
  <s id="702">加为好友</s>
  <s id="703">分享文件</s>
  <s id="704">昵      称：</s>
  <s id="705">百度账号：</s>

   <!--设备备份提示-->
  <s id="706">设备备份</s>
  <s id="707">%s盘空间不足，请清理空间再试</s>
</string>